{
  "providers": {
    "awscloudformation": {
      "AuthRoleName": "amplify-amplifyphotobook-dev-104518-authRole",
      "UnauthRoleArn": "arn:aws:iam::923079062071:role/amplify-amplifyphotobook-dev-104518-unauthRole",
      "AuthRoleArn": "arn:aws:iam::923079062071:role/amplify-amplifyphotobook-dev-104518-authRole",
      "Region": "us-east-2",
      "DeploymentBucketName": "amplify-amplifyphotobook-dev-104518-deployment",
      "UnauthRoleName": "amplify-amplifyphotobook-dev-104518-unauthRole",
      "StackName": "amplify-amplifyphotobook-dev-104518",
      "StackId": "arn:aws:cloudformation:us-east-2:923079062071:stack/amplify-amplifyphotobook-dev-104518/45731940-2ec8-11eb-8847-0a25a5257108",
      "AmplifyAppId": "d368dp847f01h3"
    }
  }
}